1401130781321045212_3409364414,3409364414,laa.cataleyaa,1481247826,10,0
1400419706812246589_3409364414,3409364414,laa.cataleyaa,1481163060,18,0
1399640714719153383_3409364414,3409364414,laa.cataleyaa,1481070196,17,2
1398960525211123560_3409364414,3409364414,laa.cataleyaa,1480989112,12,2
1398782295963521262_3409364414,3409364414,laa.cataleyaa,1480967865,8,0
1398737206683790865_3409364414,3409364414,laa.cataleyaa,1480962490,39,1
1398309891151519771_3409364414,3409364414,laa.cataleyaa,1480911550,23,0
1394658840083069201_3409364414,3409364414,laa.cataleyaa,1480476311,15,2
1394262619879228544_3409364414,3409364414,laa.cataleyaa,1480429078,17,0
1393776344638187714_3409364414,3409364414,laa.cataleyaa,1480371109,43,0
1392971667508255665_3409364414,3409364414,laa.cataleyaa,1480275184,35,0
1392910207205660037_3409364414,3409364414,laa.cataleyaa,1480267857,12,0
1391820071868870570_3409364414,3409364414,laa.cataleyaa,1480137903,21,0
1391705107204399847_3409364414,3409364414,laa.cataleyaa,1480124198,35,0
1391007076368655712_3409364414,3409364414,laa.cataleyaa,1480040987,28,0
1389909521022903119_3409364414,3409364414,laa.cataleyaa,1479910148,14,0
1388843841288898537_3409364414,3409364414,laa.cataleyaa,1479783109,11,1
1386691823270969626_3409364414,3409364414,laa.cataleyaa,1479526568,8,0
1402254950381414854_333657708,333657708,memo.lg,1481381838,32,1
1397565284927557331_333657708,333657708,memo.lg,1480822786,188,1
1393977562421891976_333657708,333657708,memo.lg,1480395096,139,7
1392378963036622371_333657708,333657708,memo.lg,1480204528,111,4
1391116726691000734_333657708,333657708,memo.lg,1480054058,116,2
1390130381436930604_333657708,333657708,memo.lg,1479936476,156,1
1389554370756375636_333657708,333657708,memo.lg,1479867811,67,2
1387949450731163351_333657708,333657708,memo.lg,1479676489,107,2
1387318401915369634_333657708,333657708,memo.lg,1479601262,110,2
1386539960450218323_333657708,333657708,memo.lg,1479508465,167,1
1385278580631953514_333657708,333657708,memo.lg,1479358097,171,3
1384994116441756308_333657708,333657708,memo.lg,1479324186,157,1
1383167460987110013_333657708,333657708,memo.lg,1479106432,174,2
1383023899130135577_333657708,333657708,memo.lg,1479089318,124,1
1382390451029779010_333657708,333657708,memo.lg,1479013805,118,1
1381708158900402652_333657708,333657708,memo.lg,1478932469,170,1
1381260774152151946_333657708,333657708,memo.lg,1478879137,96,1
1380930839218849731_333657708,333657708,memo.lg,1478839805,140,1
1401000736346815797_362719292,362719292,maisjesuisuneartiste,1481232324,87,3
1399192631485047176_362719292,362719292,maisjesuisuneartiste,1481016781,97,0
1397988281802627748_362719292,362719292,maisjesuisuneartiste,1480873211,75,7
1397806545219207217_362719292,362719292,maisjesuisuneartiste,1480851546,51,0
1397338573669262562_362719292,362719292,maisjesuisuneartiste,1480795760,72,0
1397158777924361468_362719292,362719292,maisjesuisuneartiste,1480774327,67,0
1395037676406572596_362719292,362719292,maisjesuisuneartiste,1480521472,81,0
1394173159510392299_362719292,362719292,maisjesuisuneartiste,1480418413,37,0
1393700810399014080_362719292,362719292,maisjesuisuneartiste,1480362105,114,8
1392236353856695740_362719292,362719292,maisjesuisuneartiste,1480187528,69,4
1388680505913933635_362719292,362719292,maisjesuisuneartiste,1479763638,146,13
1387108078373255045_362719292,362719292,maisjesuisuneartiste,1479576190,105,0
1386331978470703649_362719292,362719292,maisjesuisuneartiste,1479483671,141,7
1386265500522342822_362719292,362719292,maisjesuisuneartiste,1479475747,67,0
1385096750959932293_362719292,362719292,maisjesuisuneartiste,1479336421,65,1
1384386684342488993_362719292,362719292,maisjesuisuneartiste,1479251774,73,0
1383282989139591106_362719292,362719292,maisjesuisuneartiste,1479120204,74,2
1382857283666666092_362719292,362719292,maisjesuisuneartiste,1479069456,135,6
1401433188517979283_22599385,22599385,tiffanynicolecombs,1481283876,18,0
1400924051593815937_22599385,22599385,tiffanynicolecombs,1481223182,23,1
1400922863599115474_22599385,22599385,tiffanynicolecombs,1481223041,25,1
1400708778748110200_22599385,22599385,tiffanynicolecombs,1481197520,14,0
1398316856473686036_22599385,22599385,tiffanynicolecombs,1480912380,24,1
1398304392319245793_22599385,22599385,tiffanynicolecombs,1480910894,20,0
1398304038647212817_22599385,22599385,tiffanynicolecombs,1480910852,20,1
1398302964762610944_22599385,22599385,tiffanynicolecombs,1480910724,27,0
1398201747038415623_22599385,22599385,tiffanynicolecombs,1480898658,23,1
1397361333414741274_22599385,22599385,tiffanynicolecombs,1480798473,29,0
1396679574792658159_22599385,22599385,tiffanynicolecombs,1480717201,21,0
1396679325818605063_22599385,22599385,tiffanynicolecombs,1480717171,20,1
1396665717105625202_22599385,22599385,tiffanynicolecombs,1480715549,21,0
1396585258778884502_22599385,22599385,tiffanynicolecombs,1480705958,22,1
1396107424130039759_22599385,22599385,tiffanynicolecombs,1480648995,17,0
1395790236089226561_22599385,22599385,tiffanynicolecombs,1480611184,25,0
1395789886703539319_22599385,22599385,tiffanynicolecombs,1480611142,21,0
1395784522742490751_22599385,22599385,tiffanynicolecombs,1480610503,13,0
1325919719551491184_580147537,580147537,bordiyan_andrey,1472281969,251,1
1253397436016601619_580147537,580147537,bordiyan_andrey,1463636639,356,1
1210219190886574315_580147537,580147537,bordiyan_andrey,1458489391,249,6
1187775965177555762_580147537,580147537,bordiyan_andrey,1455813950,123,2
1155242056338614711_580147537,580147537,bordiyan_andrey,1451935606,179,0
1145096396134132101_580147537,580147537,bordiyan_andrey,1450726149,116,0
1081146329400846923_580147537,580147537,bordiyan_andrey,1443102707,53,0
1044246797186738929_580147537,580147537,bordiyan_andrey,1438703940,32,0
1044244502466243227_580147537,580147537,bordiyan_andrey,1438703666,30,0
1034286074180381308_580147537,580147537,bordiyan_andrey,1437516529,28,0
1032732200797710819_580147537,580147537,bordiyan_andrey,1437331293,26,2
1020524003865373380_580147537,580147537,bordiyan_andrey,1435875963,34,3
967404423697901806_580147537,580147537,bordiyan_andrey,1429543615,25,0
961658646723799521_580147537,580147537,bordiyan_andrey,1428858665,30,2
955802186848643100_580147537,580147537,bordiyan_andrey,1428160521,33,3
948882086107261862_580147537,580147537,bordiyan_andrey,1427335581,35,0
932465913471937379_580147537,580147537,bordiyan_andrey,1425378620,37,0
879167760392235551_580147537,580147537,bordiyan_andrey,1419024985,26,1
1402208687594215167_2124073994,2124073994,vera_chan23,1481376323,26,2
1402060141586966274_2124073994,2124073994,vera_chan23,1481358615,34,0
1401558813316210959_2124073994,2124073994,vera_chan23,1481298852,53,5
1400805816210373883_2124073994,2124073994,vera_chan23,1481209087,46,1
1399983594013152091_2124073994,2124073994,vera_chan23,1481111071,45,6
1397529800075592970_2124073994,2124073994,vera_chan23,1480818556,56,4
1396476614208336854_2124073994,2124073994,vera_chan23,1480693006,41,0
1396467785424723819_2124073994,2124073994,vera_chan23,1480691954,21,0
1395885620450310811_2124073994,2124073994,vera_chan23,1480622554,45,2
1395684080544458032_2124073994,2124073994,vera_chan23,1480598529,31,3
1392894146561665448_2124073994,2124073994,vera_chan23,1480265943,48,0
1392770397598341972_2124073994,2124073994,vera_chan23,1480251191,48,0
1392764411982386119_2124073994,2124073994,vera_chan23,1480250477,45,0
1392523433505967269_2124073994,2124073994,vera_chan23,1480221750,47,1
1392150901942474798_2124073994,2124073994,vera_chan23,1480177341,44,2
1391996993349649575_2124073994,2124073994,vera_chan23,1480158994,34,0
1389753936504158697_2124073994,2124073994,vera_chan23,1479891601,33,0
1389625851544827718_2124073994,2124073994,vera_chan23,1479876332,36,0
1398266825791265680_588508190,588508190,andreanbm,1480906416,113,9
1397341294606534969_588508190,588508190,andreanbm,1480796084,151,24
1393078325336961069_588508190,588508190,andreanbm,1480287899,102,2
1383014332148884587_588508190,588508190,andreanbm,1479088177,100,8
1382074000557088255_588508190,588508190,andreanbm,1478976081,101,10
1372737483124763361_588508190,588508190,andreanbm,1477863081,141,5
1367689217597033019_588508190,588508190,andreanbm,1477261281,155,22
1362565960380371562_588508190,588508190,andreanbm,1476650541,125,2
1358210343800753621_588508190,588508190,andreanbm,1476131311,140,14
1357691971010826503_588508190,588508190,andreanbm,1476069517,131,2
1356742358196239707_588508190,588508190,andreanbm,1475956314,122,14
1355159578685236849_588508190,588508190,andreanbm,1475767632,81,3
1347495255129314085_588508190,588508190,andreanbm,1474853973,150,19
1345178931661344490_588508190,588508190,andreanbm,1474577846,166,18
1341443563615014001_588508190,588508190,andreanbm,1474132555,122,7
1337082171579662030_588508190,588508190,andreanbm,1473612637,104,4
1337076100131560082_588508190,588508190,andreanbm,1473611913,68,0
1331359840378879580_588508190,588508190,andreanbm,1472930482,136,17
1401841145398464606_214450566,214450566,driccalee_k,1481332508,46,2
1401451975686384091_214450566,214450566,driccalee_k,1481286116,38,2
1401399424907561215_214450566,214450566,driccalee_k,1481279851,54,4
1398950587328779578_214450566,214450566,driccalee_k,1480987927,65,3
1397819010423028441_214450566,214450566,driccalee_k,1480853032,60,2
1396782829035882464_214450566,214450566,driccalee_k,1480729510,68,0
1396684435043057291_214450566,214450566,driccalee_k,1480717780,48,0
1396057245540590058_214450566,214450566,driccalee_k,1480643014,64,1
1395981468820209463_214450566,214450566,driccalee_k,1480633980,63,2
1395643691855260948_214450566,214450566,driccalee_k,1480593714,56,0
1395614444847888974_214450566,214450566,driccalee_k,1480590228,46,0
1395334088844134064_214450566,214450566,driccalee_k,1480556807,77,0
1395310417064974715_214450566,214450566,driccalee_k,1480553985,64,1
1394903810740880978_214450566,214450566,driccalee_k,1480505513,46,2
1394858498341095610_214450566,214450566,driccalee_k,1480500112,41,1
1394625955935274090_214450566,214450566,driccalee_k,1480472391,51,2
1394529855403492379_214450566,214450566,driccalee_k,1480460935,40,0
1393816072339066753_214450566,214450566,driccalee_k,1480375845,73,1
1402220132449991365_4089436731,4089436731,niall_horan1390,1481377687,18,0
1401378685609994717_4089436731,4089436731,niall_horan1390,1481277379,16,0
1401378293509605656_4089436731,4089436731,niall_horan1390,1481277332,11,0
1401376558309271811_4089436731,4089436731,niall_horan1390,1481277125,18,0
1400650916588669919_4089436731,4089436731,niall_horan1390,1481190622,21,0
1400650453587790202_4089436731,4089436731,niall_horan1390,1481190567,19,0
1400649777633780232_4089436731,4089436731,niall_horan1390,1481190486,13,0
1400537382852750267_4089436731,4089436731,niall_horan1390,1481177088,20,3
1383522399157607385_4089436731,4089436731,niall_horan1390,1479148744,20,1
1382079647677078443_4089436731,4089436731,niall_horan1390,1478976754,20,1
1382079093156543706_4089436731,4089436731,niall_horan1390,1478976688,17,0
1382078163447010558_4089436731,4089436731,niall_horan1390,1478976577,16,0
1382078066625791482_4089436731,4089436731,niall_horan1390,1478976566,22,0
1381905249749722104_4089436731,4089436731,niall_horan1390,1478955964,24,0
1380566254243685361_4089436731,4089436731,niall_horan1390,1478796344,18,3
1380562641127640962_4089436731,4089436731,niall_horan1390,1478795913,23,0
1380562106504722776_4089436731,4089436731,niall_horan1390,1478795849,20,0
1379869686834239276_4089436731,4089436731,niall_horan1390,1478713306,15,0
1377777606251102654_583912695,583912695,rubvdoorn,1478463911,35,1
1343662334241301102_583912695,583912695,rubvdoorn,1474397053,26,3
1330509026257296955_583912695,583912695,rubvdoorn,1472829057,40,3
1289354598993424066_583912695,583912695,rubvdoorn,1467923067,45,1
1273417949703184864_583912695,583912695,rubvdoorn,1466023270,27,2
1262457713651753143_583912695,583912695,rubvdoorn,1464716708,24,1
1244282640222790089_583912695,583912695,rubvdoorn,1462550071,22,4
1239094442328727593_583912695,583912695,rubvdoorn,1461931589,18,1
1209384855287767263_583912695,583912695,rubvdoorn,1458389931,14,2
1165248200830493662_583912695,583912695,rubvdoorn,1453128431,19,2
1154383617131684648_583912695,583912695,rubvdoorn,1451833272,16,4
1101408959629763459_583912695,583912695,rubvdoorn,1445518201,25,2
1076139854618304731_583912695,583912695,rubvdoorn,1442505889,19,6
1067401270050562195_583912695,583912695,rubvdoorn,1441464168,12,0
1054499934141293266_583912695,583912695,rubvdoorn,1439926209,13,3
1049910605658071569_583912695,583912695,rubvdoorn,1439379119,16,5
1046541932843114968_583912695,583912695,rubvdoorn,1438977542,19,1
1036290113453826098_583912695,583912695,rubvdoorn,1437755429,15,3
1393143054940966856_43601639,43601639,jules_kelley,1480295615,90,2
1389930255087531131_43601639,43601639,jules_kelley,1479912619,59,4
1389213303603735161_43601639,43601639,jules_kelley,1479827152,45,1
1385178162963269583_43601639,43601639,jules_kelley,1479346126,48,0
1382342407165343574_43601639,43601639,jules_kelley,1479008077,30,1
1378343670609063009_43601639,43601639,jules_kelley,1478531391,79,2
1377196078508406331_43601639,43601639,jules_kelley,1478394587,53,3
1374283224440389047_43601639,43601639,jules_kelley,1478047348,100,8
1372844631327086665_43601639,43601639,jules_kelley,1477875854,100,3
1369243923021315853_43601639,43601639,jules_kelley,1477446617,39,2
1367580328994884789_43601639,43601639,jules_kelley,1477248301,58,4
1365450311938649521_43601639,43601639,jules_kelley,1476994383,31,1
1357531520781043686_43601639,43601639,jules_kelley,1476050389,44,3
1351826544360478584_43601639,43601639,jules_kelley,1475370303,80,0
1351049603332396228_43601639,43601639,jules_kelley,1475277685,91,3
1338688931302357339_43601639,43601639,jules_kelley,1473804178,79,0
1327073169651456825_43601639,43601639,jules_kelley,1472419471,123,8
1323152721356255900_43601639,43601639,jules_kelley,1471952117,91,6
1401698426797881833_218992780,218992780,sennettstamper,1481315495,31,2
1400257479564189432_218992780,218992780,sennettstamper,1481143721,43,6
1399898608437968623_218992780,218992780,sennettstamper,1481100940,25,1
1399100499470334674_218992780,218992780,sennettstamper,1481005798,43,2
1397843367651654818_218992780,218992780,sennettstamper,1480855936,33,0
1396969374480369756_218992780,218992780,sennettstamper,1480751748,28,1
1396672430482841234_218992780,218992780,sennettstamper,1480716349,19,3
1395935497318220588_218992780,218992780,sennettstamper,1480628500,28,0
1395175597696857279_218992780,218992780,sennettstamper,1480537913,32,2
1394334200391372480_218992780,218992780,sennettstamper,1480437611,40,3
1393486823853952477_218992780,218992780,sennettstamper,1480336595,32,3
1392877399846334278_218992780,218992780,sennettstamper,1480263946,20,2
1392622388251979812_218992780,218992780,sennettstamper,1480233547,23,0
1391632641073259433_218992780,218992780,sennettstamper,1480115560,34,3
1390632747160261905_218992780,218992780,sennettstamper,1479996363,26,0
1390155059169502662_218992780,218992780,sennettstamper,1479939418,24,1
1389556589870154783_218992780,218992780,sennettstamper,1479868075,44,3
1389118118630247042_218992780,218992780,sennettstamper,1479815805,33,2
1402304979234118644_253881243,253881243,jojothekreuter,1481387802,12,2
1355914134067219869_253881243,253881243,jojothekreuter,1475857582,46,1
1345777032340057894_253881243,253881243,jojothekreuter,1474649145,43,2
1306685626841652819_253881243,253881243,jojothekreuter,1469989086,41,0
1303762863705462047_253881243,253881243,jojothekreuter,1469640666,53,0
1270925763923898697_253881243,253881243,jojothekreuter,1465726179,78,1
1245107623814197956_253881243,253881243,jojothekreuter,1462648416,37,0
1208914389719282487_253881243,253881243,jojothekreuter,1458333847,41,0
1189267022179168887_253881243,253881243,jojothekreuter,1455991698,39,4
1186385420566622834_253881243,253881243,jojothekreuter,1455648184,25,0
1169640162302587330_253881243,253881243,jojothekreuter,1453651994,18,0
1159405865993990445_253881243,253881243,jojothekreuter,1452431971,36,0
1155248166188315044_253881243,253881243,jojothekreuter,1451936334,26,2
1147984289109078192_253881243,253881243,jojothekreuter,1451070413,21,0
1119660471915606429_253881243,253881243,jojothekreuter,1447693951,46,3
1114587731785379853_253881243,253881243,jojothekreuter,1447089233,32,0
1094194764205748889_253881243,253881243,jojothekreuter,1444658202,40,1
1083457279158875061_253881243,253881243,jojothekreuter,1443378194,15,0
1401695643373847511_178865782,178865782,daniellegrisel,1481315163,112,3
1400688989584867859_178865782,178865782,daniellegrisel,1481195161,129,5
1399803926085357769_178865782,178865782,daniellegrisel,1481089653,124,6
1399559366025212064_178865782,178865782,daniellegrisel,1481060499,81,10
1399194022232386521_178865782,178865782,daniellegrisel,1481016947,95,5
1398385827070910945_178865782,178865782,daniellegrisel,1480920602,96,4
1398083644345564367_178865782,178865782,daniellegrisel,1480884579,115,5
1397849768922926031_178865782,178865782,daniellegrisel,1480856699,62,9
1397287972067348948_178865782,178865782,daniellegrisel,1480789728,55,2
1396974630094440045_178865782,178865782,daniellegrisel,1480752374,89,3
1396289687701791237_178865782,178865782,daniellegrisel,1480670723,125,5
1395745923711318831_178865782,178865782,daniellegrisel,1480605901,90,3
1395525121590114715_178865782,178865782,daniellegrisel,1480579580,97,4
1395184381332794224_178865782,178865782,daniellegrisel,1480538960,59,0
1394819325201831380_178865782,178865782,daniellegrisel,1480495442,74,1
1394362940106226490_178865782,178865782,daniellegrisel,1480441037,91,4
1394131214473998571_178865782,178865782,daniellegrisel,1480413413,50,3
1393830670488503836_178865782,178865782,daniellegrisel,1480377585,110,5
1397118362760279577_30608305,30608305,tbosmans,1480769509,37,3
1397072457537507193_30608305,30608305,tbosmans,1480764036,20,0
1390441991682137989_30608305,30608305,tbosmans,1479973623,40,0
1389700054696072716_30608305,30608305,tbosmans,1479885177,60,4
1387619736233386754_30608305,30608305,tbosmans,1479637184,33,2
1383555642454888101_30608305,30608305,tbosmans,1479152706,22,1
1380994730690738974_30608305,30608305,tbosmans,1478847422,67,11
1374084176067807283_30608305,30608305,tbosmans,1478023620,44,4
1370098804057176852_30608305,30608305,tbosmans,1477548526,45,0
1369004352597118293_30608305,30608305,tbosmans,1477418057,14,0
1365473959851729445_30608305,30608305,tbosmans,1476997202,31,1
1365254942389982869_30608305,30608305,tbosmans,1476971093,30,2
1365055627352652110_30608305,30608305,tbosmans,1476947333,53,5
1361491527444012877_30608305,30608305,tbosmans,1476522459,23,0
1360699043650656022_30608305,30608305,tbosmans,1476427988,32,3
1359532565714740084_30608305,30608305,tbosmans,1476288933,31,3
1356397911700758797_30608305,30608305,tbosmans,1475915253,29,1
1355064922991612385_30608305,30608305,tbosmans,1475756348,31,3
1391387466136756809_53353200,53353200,priggekim,1480086333,100,0
1334927018244065771_53353200,53353200,priggekim,1473355723,71,4
1312559723346099143_53353200,53353200,priggekim,1470689333,65,1
1302900174200548078_53353200,53353200,priggekim,1469537825,57,0
1298130973870919521_53353200,53353200,priggekim,1468969292,86,6
1295888224040113287_53353200,53353200,priggekim,1468701936,77,2
1291521502730328841_53353200,53353200,priggekim,1468181382,66,0
1272716122083427772_53353200,53353200,priggekim,1465939606,80,8
1263685579329111464_53353200,53353200,priggekim,1464863081,41,0
1258583314553504852_53353200,53353200,priggekim,1464254844,76,2
1250339989518157727_53353200,53353200,priggekim,1463272163,46,0
1248729897370781220_53353200,53353200,priggekim,1463080225,94,2
1240163173864179353_53353200,53353200,priggekim,1462058992,103,1
1237881116609873757_53353200,53353200,priggekim,1461786950,74,1
1226343357604824213_53353200,53353200,priggekim,1460411542,72,2
1202071708131001412_53353200,53353200,priggekim,1457518136,62,3
1200211705795314863_53353200,53353200,priggekim,1457296406,51,2
1184767841295009362_53353200,53353200,priggekim,1455455354,63,2
1400338561835983739_1480876884,1480876884,caleb.curtin,1481153386,18,0
1394680613914689898_1480876884,1480876884,caleb.curtin,1480478906,44,1
1393166693458667903_1480876884,1480876884,caleb.curtin,1480298433,23,1
1389839111669443524_1480876884,1480876884,caleb.curtin,1479901754,34,0
1389685220499950178_1480876884,1480876884,caleb.curtin,1479883409,31,4
1387126780917258471_1480876884,1480876884,caleb.curtin,1479578419,46,0
1382583435066964482_1480876884,1480876884,caleb.curtin,1479036810,37,0
1382572465250832010_1480876884,1480876884,caleb.curtin,1479035503,29,1
1382542713039226462_1480876884,1480876884,caleb.curtin,1479031956,13,0
1377047093994100965_1480876884,1480876884,caleb.curtin,1478376827,27,0
1370137154247812093_1480876884,1480876884,caleb.curtin,1477553098,26,0
1369349847039257841_1480876884,1480876884,caleb.curtin,1477459244,22,2
1352624410326181682_1480876884,1480876884,caleb.curtin,1475465416,40,0
1347014786382142636_1480876884,1480876884,caleb.curtin,1474796697,19,0
1345569498798860217_1480876884,1480876884,caleb.curtin,1474624405,18,0
1276767162800633675_1480876884,1480876884,caleb.curtin,1466422528,76,2
1265911262586172938_1480876884,1480876884,caleb.curtin,1465128403,41,2
1243282792320431362_1480876884,1480876884,caleb.curtin,1462430880,37,3
1395175014336463334_2073564295,2073564295,aldimovari,1480537843,108,11
1394421341368932769_2073564295,2073564295,aldimovari,1480447999,69,2
1393954216321966912_2073564295,2073564295,aldimovari,1480392313,37,0
1393949900576011886_2073564295,2073564295,aldimovari,1480391799,24,0
1393949246046515493_2073564295,2073564295,aldimovari,1480391721,10,0
1393948581215697802_2073564295,2073564295,aldimovari,1480391641,12,0
1393946906170078214_2073564295,2073564295,aldimovari,1480391442,18,1
1393945867585019187_2073564295,2073564295,aldimovari,1480391318,8,0
1393945198610306327_2073564295,2073564295,aldimovari,1480391238,9,0
1387246435611104414_2073564295,2073564295,aldimovari,1479592683,134,12
1387228040274633159_2073564295,2073564295,aldimovari,1479590490,66,4
1387220903339206740_2073564295,2073564295,aldimovari,1479589640,31,0
1387218190329109578_2073564295,2073564295,aldimovari,1479589316,25,2
1385898985268905326_2073564295,2073564295,aldimovari,1479432055,53,6
1385114096395127490_2073564295,2073564295,aldimovari,1479338489,40,2
1383066291371589193_2073564295,2073564295,aldimovari,1479094371,71,5
1380497783513245063_2073564295,2073564295,aldimovari,1478788181,81,4
1380150957488556884_2073564295,2073564295,aldimovari,1478746836,57,2
1400836546961465472_224159044,224159044,annemarthvdk,1481212751,112,3
1387894552140341286_224159044,224159044,annemarthvdk,1479669945,107,4
1352874383009799361_224159044,224159044,annemarthvdk,1475495215,67,0
1346412147609718168_224159044,224159044,annemarthvdk,1474724857,104,6
1330519067891423205_224159044,224159044,annemarthvdk,1472830254,52,1
1314667726346457195_224159044,224159044,annemarthvdk,1470940627,94,3
1309351662469409496_224159044,224159044,annemarthvdk,1470306903,66,0
1304989288782155234_224159044,224159044,annemarthvdk,1469786867,75,4
1292766131279305036_224159044,224159044,annemarthvdk,1468329753,82,3
1246323988938831661_224159044,224159044,annemarthvdk,1462793418,55,3
1240690991673849748_224159044,224159044,annemarthvdk,1462121913,33,1
1135440694970627837_224159044,224159044,annemarthvdk,1449575100,46,3
1114545351517222745_224159044,224159044,annemarthvdk,1447084181,52,4
1084263709485774242_224159044,224159044,annemarthvdk,1443474328,48,1
1047325811587102188_224159044,224159044,annemarthvdk,1439070987,53,3
1036275563565626394_224159044,224159044,annemarthvdk,1437753695,42,3
1033556720502125840_224159044,224159044,annemarthvdk,1437429584,65,4
972631978626987448_224159044,224159044,annemarthvdk,1430166788,41,0
1400124204447975105_347880723,347880723,stevenviterik,1481127833,19,1
1400123313368091284_347880723,347880723,stevenviterik,1481127727,18,0
1400122738647986118_347880723,347880723,stevenviterik,1481127658,16,0
1398704525414333154_347880723,347880723,stevenviterik,1480958594,15,0
1398700952253253829_347880723,347880723,stevenviterik,1480958168,31,0
1398697230328431487_347880723,347880723,stevenviterik,1480957724,14,0
1394466510701683978_347880723,347880723,stevenviterik,1480453383,48,1
1394465149230746143_347880723,347880723,stevenviterik,1480453221,26,0
1390084174946103211_347880723,347880723,stevenviterik,1479930968,16,0
1383658375716090711_347880723,347880723,stevenviterik,1479164953,23,3
1383657515875467834_347880723,347880723,stevenviterik,1479164851,19,0
1383652993618754558_347880723,347880723,stevenviterik,1479164312,19,0
1383387802087780258_347880723,347880723,stevenviterik,1479132698,11,0
1383297282657378783_347880723,347880723,stevenviterik,1479121908,25,3
1382993578783876280_347880723,347880723,stevenviterik,1479085703,12,0
1382976150351815114_347880723,347880723,stevenviterik,1479083626,11,0
1382972710183624850_347880723,347880723,stevenviterik,1479083215,24,0
1382347299259020804_347880723,347880723,stevenviterik,1479008661,18,0
1400305698373652974_715931525,715931525,george.volis,1481149469,235,3
1397882216033715226_715931525,715931525,george.volis,1480860567,206,0
1397290683173509194_715931525,715931525,george.volis,1480790051,112,2
1396473559572146724_715931525,715931525,george.volis,1480692642,228,0
1395212287958470028_715931525,715931525,george.volis,1480542287,223,5
1394440602107659061_715931525,715931525,george.volis,1480450295,154,0
1392208963667234612_715931525,715931525,george.volis,1480184263,228,0
1390796923862104121_715931525,715931525,george.volis,1480015934,227,0
1389823771271039983_715931525,715931525,george.volis,1479899926,215,0
1389494882799755255_715931525,715931525,george.volis,1479860719,217,6
1389359792497302197_715931525,715931525,george.volis,1479844615,149,0
1387244753351297844_715931525,715931525,george.volis,1479592483,145,0
1385628412294673632_715931525,715931525,george.volis,1479399800,162,7
1384240700316471098_715931525,715931525,george.volis,1479234372,254,0
1383525192873199431_715931525,715931525,george.volis,1479149077,273,0
1382588909950682860_715931525,715931525,george.volis,1479037463,239,0
1380456518893273880_715931525,715931525,george.volis,1478783262,208,0
1379262504571638763_715931525,715931525,george.volis,1478640924,259,1
1397126485709715156_1591492124,1591492124,dutchfish1967,1480770477,4,0
1395704109285508876_1591492124,1591492124,dutchfish1967,1480600917,2,0
1395250876360626729_1591492124,1591492124,dutchfish1967,1480546887,9,0
1394525354110281778_1591492124,1591492124,dutchfish1967,1480460398,14,0
1392305961645279744_1591492124,1591492124,dutchfish1967,1480195826,11,1
1388368306041603066_1591492124,1591492124,dutchfish1967,1479726421,5,0
1386965488814577015_1591492124,1591492124,dutchfish1967,1479559192,2,0
1386891917392269621_1591492124,1591492124,dutchfish1967,1479550421,11,0
1386516422687297061_1591492124,1591492124,dutchfish1967,1479505659,6,1
1381943599478334213_1591492124,1591492124,dutchfish1967,1478960536,8,0
1381289730645586815_1591492124,1591492124,dutchfish1967,1478882589,6,0
1376967065776648280_1591492124,1591492124,dutchfish1967,1478367287,6,0
1373487392988039745_1591492124,1591492124,dutchfish1967,1477952478,3,0
1371717236309795100_1591492124,1591492124,dutchfish1967,1477741458,3,0
1371204344451939881_1591492124,1591492124,dutchfish1967,1477680317,9,0
1367520331228781340_1591492124,1591492124,dutchfish1967,1477241148,4,0
1366761001579963937_1591492124,1591492124,dutchfish1967,1477150629,10,0
1365812011476501325_1591492124,1591492124,dutchfish1967,1477037501,4,1
1402059538152184151_257634281,257634281,larissahoogland,1481358543,100,12
1401502443052876012_257634281,257634281,larissahoogland,1481292132,20,4
1399494860179905618_257634281,257634281,larissahoogland,1481052809,175,19
1399169003435575932_257634281,257634281,larissahoogland,1481013964,79,2
1398688170043951487_257634281,257634281,larissahoogland,1480956644,59,4
1398427320045458851_257634281,257634281,larissahoogland,1480925549,146,17
1397935759402576904_257634281,257634281,larissahoogland,1480866950,50,6
1397838250424471659_257634281,257634281,larissahoogland,1480855326,115,4
1395190565926103255_257634281,257634281,larissahoogland,1480539697,94,4
1394156289399066487_257634281,257634281,larissahoogland,1480416402,57,2
1392980740442062935_257634281,257634281,larissahoogland,1480276266,23,0
1392822803866078962_257634281,257634281,larissahoogland,1480257438,119,12
1392779831309147760_257634281,257634281,larissahoogland,1480252315,99,10
1389285406431968477_257634281,257634281,larissahoogland,1479835748,113,12
1386432232427676510_257634281,257634281,larissahoogland,1479495623,91,10
1384289732502155188_257634281,257634281,larissahoogland,1479240217,256,33
1380350005516238163_257634281,257634281,larissahoogland,1478770565,85,4
1376238563657569280_257634281,257634281,larissahoogland,1478280443,108,8
1402252136498206043_16764337,16764337,irenegamb0a,1481381502,64,1
1400050311640449092_16764337,16764337,irenegamb0a,1481119024,122,1
1398646124830576488_16764337,16764337,irenegamb0a,1480951632,129,5
1396615109622811191_16764337,16764337,irenegamb0a,1480709516,131,8
1380692738655380372_16764337,16764337,irenegamb0a,1478811422,176,5
1368425313645761220_16764337,16764337,irenegamb0a,1477349031,219,8
1366871175753476845_16764337,16764337,irenegamb0a,1477163763,168,5
1364634620901070366_16764337,16764337,irenegamb0a,1476897145,146,0
1363933493637386148_16764337,16764337,irenegamb0a,1476813564,140,0
1354397231302466864_16764337,16764337,irenegamb0a,1475676753,235,6
1349304694727757850_16764337,16764337,irenegamb0a,1475069675,202,8
1347221511680932923_16764337,16764337,irenegamb0a,1474821340,146,0
1346435142033473116_16764337,16764337,irenegamb0a,1474727598,167,5
1345718044067909304_16764337,16764337,irenegamb0a,1474642113,126,3
1340640160605447837_16764337,16764337,irenegamb0a,1474036782,165,9
1339872583956463836_16764337,16764337,irenegamb0a,1473945280,118,1
1335859599122872686_16764337,16764337,irenegamb0a,1473466895,137,5
1335662443640250343_16764337,16764337,irenegamb0a,1473443392,116,5
1402134884956509791_1536127935,1536127935,memaawadis,1481367525,27,6
1400939230670556099_1536127935,1536127935,memaawadis,1481224992,37,3
1400202533921960491_1536127935,1536127935,memaawadis,1481137171,29,6
1399853094434990912_1536127935,1536127935,memaawadis,1481095514,14,0
1399524945243192374_1536127935,1536127935,memaawadis,1481056396,33,2
1398464871137723253_1536127935,1536127935,memaawadis,1480930025,61,6
1397996840540178624_1536127935,1536127935,memaawadis,1480874231,57,6
1397996207099717142_1536127935,1536127935,memaawadis,1480874156,23,0
1397134500404068451_1536127935,1536127935,memaawadis,1480771432,27,5
1395512871596959258_1536127935,1536127935,memaawadis,1480578119,27,0
1394431785487945217_1536127935,1536127935,memaawadis,1480449244,25,2
1394429388275488745_1536127935,1536127935,memaawadis,1480448958,25,8
1393558742913989687_1536127935,1536127935,memaawadis,1480345169,28,3
1391997060425128713_1536127935,1536127935,memaawadis,1480159002,41,2
1389243567142344198_1536127935,1536127935,memaawadis,1479830760,58,6
1388992627193720397_1536127935,1536127935,memaawadis,1479800846,27,4
1388382291142983939_1536127935,1536127935,memaawadis,1479728088,42,8
1387239159164655128_1536127935,1536127935,memaawadis,1479591816,34,3
1398035214789758201_8436553,8436553,marydokukina,1480878806,144,3
1397973042545983834_8436553,8436553,marydokukina,1480871394,117,8
1397894339493340945_8436553,8436553,marydokukina,1480862012,134,2
1394757134260275515_8436553,8436553,marydokukina,1480488028,144,0
1394411528240978377_8436553,8436553,marydokukina,1480446829,138,5
1394406573971013031_8436553,8436553,marydokukina,1480446238,104,0
1394217831800890393_8436553,8436553,marydokukina,1480423738,151,0
1394192178128918041_8436553,8436553,marydokukina,1480420680,104,2
1392266195918424585_8436553,8436553,marydokukina,1480191085,161,6
1390546892299069701_8436553,8436553,marydokukina,1479986128,101,2
1389988031087350988_8436553,8436553,marydokukina,1479919507,123,0
1386500868169376720_8436553,8436553,marydokukina,1479503805,190,4
1386497031824166365_8436553,8436553,marydokukina,1479503347,135,0
1385635556041463058_8436553,8436553,marydokukina,1479400651,64,3
1385541246562470870_8436553,8436553,marydokukina,1479389409,172,6
1383894990446629799_8436553,8436553,marydokukina,1479193160,131,3
1376242386472088607_8436553,8436553,marydokukina,1478280898,220,4
1373026308090638215_8436553,8436553,marydokukina,1477897512,140,0
1401653553231362293_24889376,24889376,charissschouten,1481310145,38,5
1401352143717612340_24889376,24889376,charissschouten,1481274215,44,2
1400836251481264226_24889376,24889376,charissschouten,1481212716,42,4
1400110541309359323_24889376,24889376,charissschouten,1481126204,55,4
1399449828043623168_24889376,24889376,charissschouten,1481047441,55,0
1398593829308995783_24889376,24889376,charissschouten,1480945398,45,1
1398463120225508555_24889376,24889376,charissschouten,1480929816,64,2
1397824358646765293_24889376,24889376,charissschouten,1480853670,52,5
1397362183280986286_24889376,24889376,charissschouten,1480798574,94,9
1397070887995691344_24889376,24889376,charissschouten,1480763849,46,3
1396411719500529775_24889376,24889376,charissschouten,1480685270,55,2
1395937872922010911_24889376,24889376,charissschouten,1480628783,64,3
1395544026056657556_24889376,24889376,charissschouten,1480581833,42,2
1395174293713062094_24889376,24889376,charissschouten,1480537758,43,0
1394903848002773226_24889376,24889376,charissschouten,1480505518,61,2
1394398083567434315_24889376,24889376,charissschouten,1480445226,30,0
1393616443710895310_24889376,24889376,charissschouten,1480352047,65,6
1392943099357256315_24889376,24889376,charissschouten,1480271778,41,1
1400421998068603453_14877688,14877688,harleigh_eliana,1481163333,32,3
1400421776567502147_14877688,14877688,harleigh_eliana,1481163306,26,2
1400421462665630867_14877688,14877688,harleigh_eliana,1481163269,25,1
1393902874769474024_14877688,14877688,harleigh_eliana,1480386193,25,2
1393902341715158436_14877688,14877688,harleigh_eliana,1480386129,27,1
1393901761383044011_14877688,14877688,harleigh_eliana,1480386060,24,3
1392321456343788895_14877688,14877688,harleigh_eliana,1480197673,35,7
1392316757271977492_14877688,14877688,harleigh_eliana,1480197113,48,4
1392313233763160649_14877688,14877688,harleigh_eliana,1480196693,51,1
1391638727536947251_14877688,14877688,harleigh_eliana,1480116285,44,1
1391638130847118473_14877688,14877688,harleigh_eliana,1480116214,47,2
1391637551974388865_14877688,14877688,harleigh_eliana,1480116145,69,4
1387284368762289055_14877688,14877688,harleigh_eliana,1479597205,46,1
1387283825717303798_14877688,14877688,harleigh_eliana,1479597140,61,3
1387283333230516658_14877688,14877688,harleigh_eliana,1479597082,50,1
1386322543879025546_14877688,14877688,harleigh_eliana,1479482547,20,4
1386321243200152648_14877688,14877688,harleigh_eliana,1479482392,26,3
1386320865788412987_14877688,14877688,harleigh_eliana,1479482347,28,3
1390998222947825641_48274124,48274124,tiago_gleick,1480039931,17,1
1390997710647149936_48274124,48274124,tiago_gleick,1480039870,11,0
1381903085890252896_48274124,48274124,tiago_gleick,1478955706,14,2
1372088067376113825_48274124,48274124,tiago_gleick,1477785665,17,0
1372085720478500266_48274124,48274124,tiago_gleick,1477785385,14,2
1372083144773148391_48274124,48274124,tiago_gleick,1477785078,15,0
1372082822189243494_48274124,48274124,tiago_gleick,1477785040,15,0
1372082368977833325_48274124,48274124,tiago_gleick,1477784986,14,0
1369856741201827537_48274124,48274124,tiago_gleick,1477519670,13,3
1369830750450556931_48274124,48274124,tiago_gleick,1477516572,15,2
1363161565783874008_48274124,48274124,tiago_gleick,1476721543,18,2
1354638960634153472_48274124,48274124,tiago_gleick,1475705569,14,1
1354638297254619381_48274124,48274124,tiago_gleick,1475705490,10,0
1354389634042671748_48274124,48274124,tiago_gleick,1475675847,13,2
1342287616225079802_48274124,48274124,tiago_gleick,1474233174,11,0
1341700403162628141_48274124,48274124,tiago_gleick,1474163173,12,0
1340174132972639160_48274124,48274124,tiago_gleick,1473981227,10,1
1340064706450342275_48274124,48274124,tiago_gleick,1473968183,10,2
1396966974692666954_29741438,29741438,charlotteex,1480751462,29,0
1345080294641818225_29741438,29741438,charlotteex,1474566088,41,1
1343341067919004276_29741438,29741438,charlotteex,1474358756,34,2
1342567271268220821_29741438,29741438,charlotteex,1474266512,30,0
1337175563068016552_29741438,29741438,charlotteex,1473623770,24,0
1325935144976136927_29741438,29741438,charlotteex,1472283808,12,2
1297007404864558349_29741438,29741438,charlotteex,1468835352,32,2
1285591348908417557_29741438,29741438,charlotteex,1467474453,35,0
1278154601309568423_29741438,29741438,charlotteex,1466587923,18,0
1270407511418503167_29741438,29741438,charlotteex,1465664398,22,5
1265247309916438132_29741438,29741438,charlotteex,1465049254,26,0
1261014472694595417_29741438,29741438,charlotteex,1464544661,20,1
1246963978934320556_29741438,29741438,charlotteex,1462869711,32,0
1246960268669779298_29741438,29741438,charlotteex,1462869269,27,0
1240787154235718761_29741438,29741438,charlotteex,1462133376,19,1
1237130715155824069_29741438,29741438,charlotteex,1461697495,19,0
1229572432706568115_29741438,29741438,charlotteex,1460796477,20,0
1226023734525460389_29741438,29741438,charlotteex,1460373440,15,5
1398083397712469463_317017001,317017001,kimcoelewij,1480884550,37,0
1392256479461295712_317017001,317017001,kimcoelewij,1480189927,55,1
1384931942335877671_317017001,317017001,kimcoelewij,1479316774,39,1
1381928468249678887_317017001,317017001,kimcoelewij,1478958732,50,3
1381237993570091410_317017001,317017001,kimcoelewij,1478876421,73,4
1379847861873037975_317017001,317017001,kimcoelewij,1478710705,46,3
1376935377021345239_317017001,317017001,kimcoelewij,1478363509,33,0
1373878502583188806_317017001,317017001,kimcoelewij,1477999101,70,4
1363908868007332712_317017001,317017001,kimcoelewij,1476810628,57,0
1357865319976464239_317017001,317017001,kimcoelewij,1476090181,62,2
1352853872728873798_317017001,317017001,kimcoelewij,1475492770,75,3
1351617332283495524_317017001,317017001,kimcoelewij,1475345363,61,0
1347354353677581418_317017001,317017001,kimcoelewij,1474837176,71,1
1346360614704222579_317017001,317017001,kimcoelewij,1474718714,48,1
1345881750915927496_317017001,317017001,kimcoelewij,1474661629,58,4
1341599069701108367_317017001,317017001,kimcoelewij,1474151093,35,3
1332081534790268536_317017001,317017001,kimcoelewij,1473016515,35,2
1327347057425649134_317017001,317017001,kimcoelewij,1472452121,69,2
1402240386785414523_42186186,42186186,lisetteschuilwerve,1481380102,65,1
1396229960788571213_42186186,42186186,lisetteschuilwerve,1480663603,40,2
1390436928814296580_42186186,42186186,lisetteschuilwerve,1479973020,105,15
1384645577346525157_42186186,42186186,lisetteschuilwerve,1479282637,89,10
1382552393518843834_42186186,42186186,lisetteschuilwerve,1479033110,66,8
1380312567444746682_42186186,42186186,lisetteschuilwerve,1478766102,58,3
1372375151035625382_42186186,42186186,lisetteschuilwerve,1477819888,54,4
1370846767713453090_42186186,42186186,lisetteschuilwerve,1477637690,76,2
1363580259086097185_42186186,42186186,lisetteschuilwerve,1476771455,84,5
1362362581482508191_42186186,42186186,lisetteschuilwerve,1476626297,62,1
1358512115535399773_42186186,42186186,lisetteschuilwerve,1476167285,79,13
1353033709075065363_42186186,42186186,lisetteschuilwerve,1475514208,33,3
1349080870250439769_42186186,42186186,lisetteschuilwerve,1475042993,83,3
1347306972001426087_42186186,42186186,lisetteschuilwerve,1474831528,63,1
1342552829802082679_42186186,42186186,lisetteschuilwerve,1474264790,81,0
1337859035718669896_42186186,42186186,lisetteschuilwerve,1473705246,76,3
1336007197956372870_42186186,42186186,lisetteschuilwerve,1473484490,218,2
1334899014202459930_42186186,42186186,lisetteschuilwerve,1473352384,43,2
1400647416700742547_1494438850,1494438850,christina_nek,1481190205,82,3
1399768005025958029_1494438850,1494438850,christina_nek,1481085371,75,0
1397900289205705121_1494438850,1494438850,christina_nek,1480862722,81,0
1395609006261080356_1494438850,1494438850,christina_nek,1480589579,86,4
1394242055777364070_1494438850,1494438850,christina_nek,1480426626,84,0
1393317232146407440_1494438850,1494438850,christina_nek,1480316379,75,0
1392699204622971272_1494438850,1494438850,christina_nek,1480242704,55,0
1391422119468229854_1494438850,1494438850,christina_nek,1480090464,63,0
1389906455616031711_1494438850,1494438850,christina_nek,1479909782,71,2
1387432296235579655_1494438850,1494438850,christina_nek,1479614840,78,0
1386778338575902559_1494438850,1494438850,christina_nek,1479536882,72,0
1385813198481194134_1494438850,1494438850,christina_nek,1479421828,60,0
1383920291897732813_1494438850,1494438850,christina_nek,1479196176,70,0
1382651212897647658_1494438850,1494438850,christina_nek,1479044890,73,0
1380365391834218757_1494438850,1494438850,christina_nek,1478772399,88,0
1379774695846747057_1494438850,1494438850,christina_nek,1478701982,83,2
1378124927496318821_1494438850,1494438850,christina_nek,1478505315,83,2
1377487073548163523_1494438850,1494438850,christina_nek,1478429277,81,0
1401592717780068640_3035022047,3035022047,arpita_pradhan_,1481302893,88,25
1401498396875673321_3035022047,3035022047,arpita_pradhan_,1481291649,94,9
1397061968548848562_3035022047,3035022047,arpita_pradhan_,1480762786,205,8
1397054121240792610_3035022047,3035022047,arpita_pradhan_,1480761850,131,3
1395616595619841648_3035022047,3035022047,arpita_pradhan_,1480590484,146,4
1394944449746632707_3035022047,3035022047,arpita_pradhan_,1480510358,159,12
1393293745000064214_3035022047,3035022047,arpita_pradhan_,1480313579,128,24
1393253132930375664_3035022047,3035022047,arpita_pradhan_,1480308737,144,14
1392811720946302571_3035022047,3035022047,arpita_pradhan_,1480256117,133,8
1392550716438142882_3035022047,3035022047,arpita_pradhan_,1480225003,118,13
1391328593384125355_3035022047,3035022047,arpita_pradhan_,1480079314,106,9
1389153530291456377_3035022047,3035022047,arpita_pradhan_,1479820027,128,9
1387552898916997057_3035022047,3035022047,arpita_pradhan_,1479629217,158,18
1387082082144219919_3035022047,3035022047,arpita_pradhan_,1479573091,135,12
1383192338746191869_3035022047,3035022047,arpita_pradhan_,1479109397,100,3
1382407419346464222_3035022047,3035022047,arpita_pradhan_,1479015828,97,14
1381679464357835413_3035022047,3035022047,arpita_pradhan_,1478929049,82,1
1379039650135588625_3035022047,3035022047,arpita_pradhan_,1478614358,92,5
1401496142043100604_414369488,414369488,wingsbyou,1481291381,7,0
1400958518421144546_414369488,414369488,wingsbyou,1481227291,26,3
1400949773087569380_414369488,414369488,wingsbyou,1481226248,36,1
1393712590907921806_414369488,414369488,wingsbyou,1480363509,33,0
1379004154647584205_414369488,414369488,wingsbyou,1478610127,20,0
1374562114324957993_414369488,414369488,wingsbyou,1478080594,19,1
1373424255140598914_414369488,414369488,wingsbyou,1477944951,22,2
1360892564819724681_414369488,414369488,wingsbyou,1476451057,20,1
1341448417650378776_414369488,414369488,wingsbyou,1474133134,20,1
1341447554630286644_414369488,414369488,wingsbyou,1474133031,18,0
1318318098390961723_414369488,414369488,wingsbyou,1471375785,36,3
1318313324039894954_414369488,414369488,wingsbyou,1471375216,45,4
1308618479079700047_414369488,414369488,wingsbyou,1470219500,26,0
1305050528900675811_414369488,414369488,wingsbyou,1469794168,39,0
1304947759443337592_414369488,414369488,wingsbyou,1469781917,30,0
1304549649428737941_414369488,414369488,wingsbyou,1469734458,13,0
1303612404970488580_414369488,414369488,wingsbyou,1469622730,7,1
1296417555422805212_414369488,414369488,wingsbyou,1468765037,25,1
1398600449246246175_299121154,299121154,moaz305,1480946187,479,1
1397369631651678431_299121154,299121154,moaz305,1480799462,984,0
1395219864951786029_299121154,299121154,moaz305,1480543190,1188,1
1394115314907971250_299121154,299121154,moaz305,1480411517,1209,8
1392008936403773888_299121154,299121154,moaz305,1480160418,1189,2
1390402477404496917_299121154,299121154,moaz305,1479968913,1220,1
1372665065974865746_299121154,299121154,moaz305,1477854449,1225,0
1372227466412024608_299121154,299121154,moaz305,1477802283,1165,1
1364029304098629703_299121154,299121154,moaz305,1476824985,1141,6
1361794535382151329_299121154,299121154,moaz305,1476558580,1120,1
1359786588377057482_299121154,299121154,moaz305,1476319214,1031,2
1359660064797772058_299121154,299121154,moaz305,1476304132,1235,4
1358344279378288457_299121154,299121154,moaz305,1476147278,307,1
1357167824602658833_299121154,299121154,moaz305,1476007033,1085,0
1355471494134102403_299121154,299121154,moaz305,1475804815,1229,0
1350978806667889275_299121154,299121154,moaz305,1475269245,944,1
1350295886198414790_299121154,299121154,moaz305,1475187834,1151,5
1350286891832244321_299121154,299121154,moaz305,1475186762,1138,0
1399406159366277233_994823557,994823557,brennemiee,1481042235,42,0
1397965268915191503_994823557,994823557,brennemiee,1480870468,63,2
1397736673022251082_994823557,994823557,brennemiee,1480843217,32,2
1396401239050572935_994823557,994823557,brennemiee,1480684021,54,1
1394377772448753126_994823557,994823557,brennemiee,1480442805,76,1
1391540168632200668_994823557,994823557,brennemiee,1480104536,75,0
1388552072969968955_994823557,994823557,brennemiee,1479748327,67,0
1387984447290300544_994823557,994823557,brennemiee,1479680661,66,1
1385094379223625422_994823557,994823557,brennemiee,1479336138,74,5
1382833883946625973_994823557,994823557,brennemiee,1479066666,92,2
1374581851737541683_994823557,994823557,brennemiee,1478082947,53,0
1372356623577750644_994823557,994823557,brennemiee,1477817679,66,2
1369473993781836862_994823557,994823557,brennemiee,1477474043,33,3
1367482701979988309_994823557,994823557,brennemiee,1477236663,68,2
1366749442430182143_994823557,994823557,brennemiee,1477149251,64,0
1366567560580986438_994823557,994823557,brennemiee,1477127569,19,0
1363826676852685225_994823557,994823557,brennemiee,1476800830,58,2
1358103838963368737_994823557,994823557,brennemiee,1476118615,35,0
1399183689338262007_235955574,235955574,claudia_vrolijk,1481015715,36,1
1397319914335049891_235955574,235955574,claudia_vrolijk,1480793535,19,2
1397158640552943218_235955574,235955574,claudia_vrolijk,1480774310,30,3
1395895014323996857_235955574,235955574,claudia_vrolijk,1480623674,29,2
1395209999848081689_235955574,235955574,claudia_vrolijk,1480542014,11,0
1393512794464703948_235955574,235955574,claudia_vrolijk,1480339691,33,4
1393512162148080417_235955574,235955574,claudia_vrolijk,1480339616,15,1
1392102100426911978_235955574,235955574,claudia_vrolijk,1480171524,25,1
1388650441763796455_235955574,235955574,claudia_vrolijk,1479760054,21,0
1387631092672492929_235955574,235955574,claudia_vrolijk,1479638538,15,1
1380452844129549732_235955574,235955574,claudia_vrolijk,1478782824,36,1
1377634805055134851_235955574,235955574,claudia_vrolijk,1478446888,36,2
1377169769803213467_235955574,235955574,claudia_vrolijk,1478391451,31,1
1373313565142236443_235955574,235955574,claudia_vrolijk,1477931756,38,2
1372471685139498266_235955574,235955574,claudia_vrolijk,1477831396,25,0
1369505886523143095_235955574,235955574,claudia_vrolijk,1477477845,37,7
1363110058665648163_235955574,235955574,claudia_vrolijk,1476715403,22,2
1354878586246766408_235955574,235955574,claudia_vrolijk,1475734135,43,4
1392687923741457276_2065359254,2065359254,francociocci,1480241359,107,4
1392687198672255061_2065359254,2065359254,francociocci,1480241273,60,0
1392686902688450685_2065359254,2065359254,francociocci,1480241237,30,0
1392686685163558193_2065359254,2065359254,francociocci,1480241212,13,0
1392686390110956645_2065359254,2065359254,francociocci,1480241176,22,0
1391606371368490321_2065359254,2065359254,francociocci,1480112428,24,1
1346239018795267904_2065359254,2065359254,francociocci,1474704218,77,1
1218672131592846864_2065359254,2065359254,francociocci,1459497060,353,2
1217983790673198434_2065359254,2065359254,francociocci,1459415004,55,1
1217983610578173278_2065359254,2065359254,francociocci,1459414982,27,2
1217640942492876098_2065359254,2065359254,francociocci,1459374133,22,0
1204627788821331378_2065359254,2065359254,francociocci,1457822844,77,0
1204626847711788433_2065359254,2065359254,francociocci,1457822732,16,0
1204626579838369163_2065359254,2065359254,francociocci,1457822700,20,1
1195933616664903371_2065359254,2065359254,francociocci,1456786418,35,0
1195933397822897857_2065359254,2065359254,francociocci,1456786392,11,0
1194494452220198887_2065359254,2065359254,francociocci,1456614856,20,0
1194494308951162848_2065359254,2065359254,francociocci,1456614839,6,0
1397062368575504884_629421996,629421996,kimberlyderijck02,1480762834,28,0
1392940883707436437_629421996,629421996,kimberlyderijck02,1480271514,41,0
1373274938689071018_629421996,629421996,kimberlyderijck02,1477927151,31,0
1347053734177336265_629421996,629421996,kimberlyderijck02,1474801340,40,1
1342278746757054975_629421996,629421996,kimberlyderijck02,1474232117,29,3
1336897320986174112_629421996,629421996,kimberlyderijck02,1473590601,31,0
1330679548774136559_629421996,629421996,kimberlyderijck02,1472849385,29,0
1322535230167105860_629421996,629421996,kimberlyderijck02,1471878506,40,0
1321256528485557182_629421996,629421996,kimberlyderijck02,1471726073,12,0
1320169460535909798_629421996,629421996,kimberlyderijck02,1471596485,26,2
1317953749285589512_629421996,629421996,kimberlyderijck02,1471332351,33,0
1316307548416968567_629421996,629421996,kimberlyderijck02,1471136109,33,1
1316101298542464329_629421996,629421996,kimberlyderijck02,1471111522,30,0
1315824998791552614_629421996,629421996,kimberlyderijck02,1471078585,31,0
1312557629977757199_629421996,629421996,kimberlyderijck02,1470689084,25,0
1301327622014024608_629421996,629421996,kimberlyderijck02,1469350363,21,1
1281016773739388628_629421996,629421996,kimberlyderijck02,1466929121,39,2
1277769754448180955_629421996,629421996,kimberlyderijck02,1466542046,38,7
1402229832490489303_8911164,8911164,kimkotter,1481378843,685,9
1402155082141415962_8911164,8911164,kimkotter,1481369932,403,7
1402022286752278983_8911164,8911164,kimkotter,1481354102,361,1
1401682080983488775_8911164,8911164,kimkotter,1481313546,206,9
1401676554082068246_8911164,8911164,kimkotter,1481312887,1178,25
1401673367795238078_8911164,8911164,kimkotter,1481312508,299,7
1400712958179193751_8911164,8911164,kimkotter,1481198018,907,8
1400648161534348499_8911164,8911164,kimkotter,1481190293,351,1
1400647686814454792_8911164,8911164,kimkotter,1481190237,548,9
1399214967706513028_8911164,8911164,kimkotter,1481019443,659,9
1398664733246940350_8911164,8911164,kimkotter,1480953850,1117,16
1398478353971556636_8911164,8911164,kimkotter,1480931632,922,15
1398092952907975976_8911164,8911164,kimkotter,1480885689,1530,25
1398077218697905818_8911164,8911164,kimkotter,1480883813,917,9
1397842164465804544_8911164,8911164,kimkotter,1480855793,847,12
1396245399610437161_8911164,8911164,kimkotter,1480665443,395,4
1394886914666915289_8911164,8911164,kimkotter,1480503499,1006,14
1394483477458327400_8911164,8911164,kimkotter,1480455406,664,16
1402320934107309562_1941474,1941474,micheledemarie,1481389703,25,0
1402311028192850419_1941474,1941474,micheledemarie,1481388523,61,0
1398768712979142729_1941474,1941474,micheledemarie,1480966246,244,9
1396315204807931893_1941474,1941474,micheledemarie,1480673765,287,15
1393608480321954001_1941474,1941474,micheledemarie,1480351098,226,0
1393366906379929823_1941474,1941474,micheledemarie,1480322300,201,1
1392862171814019035_1941474,1941474,micheledemarie,1480262131,260,13
1392307004786019005_1941474,1941474,micheledemarie,1480195950,221,0
1391957456397922716_1941474,1941474,micheledemarie,1480154281,174,3
1391682127569652596_1941474,1941474,micheledemarie,1480121459,246,3
1391250137586524353_1941474,1941474,micheledemarie,1480069962,190,4
1390914642239267021_1941474,1941474,micheledemarie,1480029968,251,6
1389423775120661585_1941474,1941474,micheledemarie,1479852242,189,2
1389178890153179595_1941474,1941474,micheledemarie,1479823050,188,2
1388637224925257114_1941474,1941474,micheledemarie,1479758478,248,0
1388551057613682206_1941474,1941474,micheledemarie,1479748206,173,0
1387940958255960034_1941474,1941474,micheledemarie,1479675477,232,5
1387893071283006686_1941474,1941474,micheledemarie,1479669768,213,0
1401168045019290403_2214322503,2214322503,hannahc_26,1481252268,5,0
1401132752904104678_2214322503,2214322503,hannahc_26,1481248061,4,0
1400327976855326236_2214322503,2214322503,hannahc_26,1481152124,8,0
1397260345118238568_2214322503,2214322503,hannahc_26,1480786434,9,0
1395309001268470558_2214322503,2214322503,hannahc_26,1480553816,8,0
1392981001696805336_2214322503,2214322503,hannahc_26,1480276297,6,0
1392345178999729657_2214322503,2214322503,hannahc_26,1480200501,9,0
1390767039739693477_2214322503,2214322503,hannahc_26,1480012372,7,1
1390754454957075226_2214322503,2214322503,hannahc_26,1480010872,7,0
1385160731368055165_2214322503,2214322503,hannahc_26,1479344048,10,1
1379448044826889318_2214322503,2214322503,hannahc_26,1478663043,9,1
1378698536006354628_2214322503,2214322503,hannahc_26,1478573694,7,0
1377813602043512044_2214322503,2214322503,hannahc_26,1478468202,6,0
1369127269544642236_2214322503,2214322503,hannahc_26,1477432710,6,0
1367626968874354263_2214322503,2214322503,hannahc_26,1477253861,6,0
1367626128344438744_2214322503,2214322503,hannahc_26,1477253760,3,0
1366930853577496971_2214322503,2214322503,hannahc_26,1477170877,4,0
1365188079941543156_2214322503,2214322503,hannahc_26,1476963122,6,0
1401981356226332240_18637597,18637597,kellie_sara,1481349223,18,0
1401940402740032028_18637597,18637597,kellie_sara,1481344341,15,0
1396120459146583446_18637597,18637597,kellie_sara,1480650549,17,3
1390932770893904191_18637597,18637597,kellie_sara,1480032129,24,0
1382141839130689523_18637597,18637597,kellie_sara,1478984168,9,0
1368621318883754386_18637597,18637597,kellie_sara,1477372396,5,6
1355223977392620372_18637597,18637597,kellie_sara,1475775309,10,0
1353260261863143809_18637597,18637597,kellie_sara,1475541216,7,2
1352656253448614444_18637597,18637597,kellie_sara,1475469212,22,1
1352580770446854074_18637597,18637597,kellie_sara,1475460214,7,0
1351233659625037318_18637597,18637597,kellie_sara,1475299626,10,0
1351017730303696370_18637597,18637597,kellie_sara,1475273885,5,11
1342256075428081298_18637597,18637597,kellie_sara,1474229414,16,0
1333491862153003233_18637597,18637597,kellie_sara,1473184639,6,2
1314066742997299889_18637597,18637597,kellie_sara,1470868984,26,2
1313484079999596120_18637597,18637597,kellie_sara,1470799525,12,1
1313150079326168352_18637597,18637597,kellie_sara,1470759709,16,3
1306247936664962744_18637597,18637597,kellie_sara,1469936910,10,0
1393683782590006231_1615255463,1615255463,_pedro_rus,1480360075,124,4
1393495758241558845_1615255463,1615255463,_pedro_rus,1480337661,128,6
1393319022526842748_1615255463,1615255463,_pedro_rus,1480316592,144,5
1392072536824715224_1615255463,1615255463,_pedro_rus,1480167999,85,3
1391521007600262301_1615255463,1615255463,_pedro_rus,1480102252,87,3
1391299565008890866_1615255463,1615255463,_pedro_rus,1480075854,91,4
1352092508456371511_1615255463,1615255463,_pedro_rus,1475402009,115,4
1351421157076649967_1615255463,1615255463,_pedro_rus,1475321977,66,1
1350894978217474983_1615255463,1615255463,_pedro_rus,1475259252,84,6
1261736213250261680_1615255463,1615255463,_pedro_rus,1464630699,125,5
1261555282862359034_1615255463,1615255463,_pedro_rus,1464609130,152,4
1261370890470769530_1615255463,1615255463,_pedro_rus,1464587149,97,2
1258500244036338284_1615255463,1615255463,_pedro_rus,1464244941,128,2
1258499291174355545_1615255463,1615255463,_pedro_rus,1464244828,124,2
1258498427072234060_1615255463,1615255463,_pedro_rus,1464244725,78,0
1258161783903306259_1615255463,1615255463,_pedro_rus,1464204594,115,5
1258161455472525834_1615255463,1615255463,_pedro_rus,1464204554,79,1
1258160984519295474_1615255463,1615255463,_pedro_rus,1464204498,77,2
1401699446518436236_1576966768,1576966768,maartje.vanhooren,1481315616,27,4
1390816532788250056_1576966768,1576966768,maartje.vanhooren,1480018272,46,2
1371219499840473479_1576966768,1576966768,maartje.vanhooren,1477682124,39,0
1370963122245223435_1576966768,1576966768,maartje.vanhooren,1477651561,41,2
1370532956196927775_1576966768,1576966768,maartje.vanhooren,1477600281,38,2
1358652420616653947_1576966768,1576966768,maartje.vanhooren,1476184011,37,0
1349209431337974853_1576966768,1576966768,maartje.vanhooren,1475058319,34,3
1346653245573069214_1576966768,1576966768,maartje.vanhooren,1474753598,43,2
1336088006683248802_1576966768,1576966768,maartje.vanhooren,1473494123,41,3
1333914295397808020_1576966768,1576966768,maartje.vanhooren,1473234997,36,5
1333551816155311291_1576966768,1576966768,maartje.vanhooren,1473191786,36,0
1333437993809123466_1576966768,1576966768,maartje.vanhooren,1473178217,20,1
1333436234625970890_1576966768,1576966768,maartje.vanhooren,1473178007,13,0
1332754177226510294_1576966768,1576966768,maartje.vanhooren,1473096700,16,0
1331839058082780994_1576966768,1576966768,maartje.vanhooren,1472987609,25,0
1328337797320458288_1576966768,1576966768,maartje.vanhooren,1472570226,30,1
1327013914394861928_1576966768,1576966768,maartje.vanhooren,1472412407,34,0
1327013661847388270_1576966768,1576966768,maartje.vanhooren,1472412377,14,0
1393453375823154856_41519766,41519766,charlotte_vandamme,1480332608,51,0
1381796383887111596_41519766,41519766,charlotte_vandamme,1478942986,43,0
1339322907221988677_41519766,41519766,charlotte_vandamme,1473879753,34,2
1337866247387353782_41519766,41519766,charlotte_vandamme,1473706106,40,3
1334987469237527482_41519766,41519766,charlotte_vandamme,1473362929,48,1
1303013627564988945_41519766,41519766,charlotte_vandamme,1469551350,42,3
1299227786992669738_41519766,41519766,charlotte_vandamme,1469100043,37,3
1296522378343406997_41519766,41519766,charlotte_vandamme,1468777533,36,0
1281042613226499339_41519766,41519766,charlotte_vandamme,1466932201,31,0
1260278855596932302_41519766,41519766,charlotte_vandamme,1464456968,31,2
1252824928874037161_41519766,41519766,charlotte_vandamme,1463568391,51,4
1242926494520081732_41519766,41519766,charlotte_vandamme,1462388406,20,2
1232821572868931236_41519766,41519766,charlotte_vandamme,1461183805,27,1
1223956879538551896_41519766,41519766,charlotte_vandamme,1460127051,31,0
1210993794699918399_41519766,41519766,charlotte_vandamme,1458581731,31,3
1203138698561616905_41519766,41519766,charlotte_vandamme,1457645331,15,3
1184713838122663363_41519766,41519766,charlotte_vandamme,1455448916,31,0
1129094875682864659_41519766,41519766,charlotte_vandamme,1448818619,39,6
1402011635534567436_620251928,620251928,vicklook,1481352832,316,25
1400932449730807866_620251928,620251928,vicklook,1481224183,812,54
1400226749300380275_620251928,620251928,vicklook,1481140057,594,47
1396445449842225056_620251928,620251928,vicklook,1480689291,853,81
1395914594836775367_620251928,620251928,vicklook,1480626008,2847,181
1395720301933597631_620251928,620251928,vicklook,1480602847,1138,60
1395177277650606369_620251928,620251928,vicklook,1480538113,1574,84
1394991214273296054_620251928,620251928,vicklook,1480515933,772,26
1394450812050249779_620251928,620251928,vicklook,1480451512,1266,75
1393729261940034736_620251928,620251928,vicklook,1480365496,1197,61
1392999698461153227_620251928,620251928,vicklook,1480278526,1350,77
1390828546162916005_620251928,620251928,vicklook,1480019704,906,60
1402103153445631523_199176932,199176932,john_lee_official,1481363742,665,21
1401798306498376084_199176932,199176932,john_lee_official,1481327401,267,13
1401539914370524007_199176932,199176932,john_lee_official,1481296599,185,9
1401083818212093053_199176932,199176932,john_lee_official,1481242228,408,10
1400872495528297655_199176932,199176932,john_lee_official,1481217036,701,7
1400589667158850637_199176932,199176932,john_lee_official,1481183320,4012,458
1400370914230895490_199176932,199176932,john_lee_official,1481157243,456,9
1400114194674881462_199176932,199176932,john_lee_official,1481126640,391,9
1399932035750302734_199176932,199176932,john_lee_official,1481104925,466,11
1399686275750411947_199176932,199176932,john_lee_official,1481075628,168,7
1399444222642633269_199176932,199176932,john_lee_official,1481046773,161,5
1399329194870480671_199176932,199176932,john_lee_official,1481033060,329,7
1401787997720728187_455582036,455582036,oztany,1481326173,76,1
1400483259493924523_455582036,455582036,oztany,1481170636,100,0
1399715124441206857_455582036,455582036,oztany,1481079067,94,0
1397389231240190837_455582036,455582036,oztany,1480801799,85,0
1395386651710332418_455582036,455582036,oztany,1480563073,104,0
1394326067813007891_455582036,455582036,oztany,1480436641,83,0
1393606379831055346_455582036,455582036,oztany,1480350848,76,1
1391824014532298998_455582036,455582036,oztany,1480138373,140,1
1390335659197914244_455582036,455582036,oztany,1479960947,135,0
1389625757785705797_455582036,455582036,oztany,1479876321,89,0
1388546358701345910_455582036,455582036,oztany,1479747646,102,1
1386560372928790449_455582036,455582036,oztany,1479510898,110,1
1385279176953372316_455582036,455582036,oztany,1479358168,106,0
1383097348104468165_455582036,455582036,oztany,1479098073,97,0
1382408248552674720_455582036,455582036,oztany,1479015926,88,0
1381726751487303659_455582036,455582036,oztany,1478934686,124,2
1380631148850066707_455582036,455582036,oztany,1478804080,103,2
1380153492249531529_455582036,455582036,oztany,1478747139,98,0
